question,answer,assistant_answer
What is Git?,A distributed version control system,"I've analyzed the provided text section. It appears to be a documentation chapter on how to use `git diff` commands effectively.

The main points of this section are:

1. **Short and sweet PRs**: When submitting pull requests (PRs), it's essential to provide a clear description of the changes made. If the entire diff needs to be read to understand why you're contributing, your change is less likely to receive feedback and get merged.
2. **Comprehensive chunks**: For longer patches (> 12 lines), split them into logical sections for easier review.
3. **Work-in-progress PRs**: Feel free to submit a PR that highlights your ongoing work (note the title). This allows for early feedback and collaboration.

The text also explains how `git diff` can be used in different ways:

1. **Unstaged changes**: Compare working directory changes with what's staged (`git diff`)
2. **Staged changes**: Compare staged changes to the last commit (`git diff --staged`)
3. **External diff viewing programs**: Use `git difftool` for graphical or external diff viewing

Finally, the section provides a brief introduction to Git and encourages readers to clear their minds of knowledge about other version control systems (VCSs) to avoid confusion.

Overall, this text aims to help users understand how to effectively use `git diff` commands and provide constructive feedback when submitting PRs."
What command initializes a new Git repository?,git init,"According to the text in the ""Text"" section, the command that initializes a new Git repository is:

`git init`

This command turns a directory into a new Git repository, allowing you to start version controlling it."
What command is used to check the status of the working directory?,git status,"**Reset Demystified**

This chapter of the book focuses on ""Stashing Your Work"" in Git. The author explains how to temporarily set aside changes made to files in a repository, allowing you to switch branches or perform other tasks without committing those changes.

Here's what we've learned:

1. **Git Stash**: To stash your work, run `git stash` (or `git stash push`). This saves the current state of your working directory and index.
2. **Stashing on a Stack**: Each time you run `git stash`, it adds a new entry to the stack. You can see all the stashes by running `git stash list`.
3. **Applying Stashes**: To reapply a stash, use `git stash apply`. If you don't specify a stash, Git assumes the most recent one.
4. **Reapplying with Index**: When applying a stash, if you have modified and uncommitted files in your working directory, Git will give you merge conflicts. Use `git stash apply --index` to reapply staged changes.
5. **Removing Stashes**: To remove a stash from the stack, use `git stash drop` followed by the name of the stash (e.g., `stash@{0}`).
6. **Stashing Pop**: Alternatively, you can use `git stash pop` to apply and immediately drop a stash.

By mastering stashing, you can temporarily set aside your work and continue working on other tasks or switch branches without worrying about committing changes that are not yet ready for production."
What command adds changes to the staging area?,git add,"According to the text, the command that adds changes to the staging area is `git add`."
What command commits changes to the repository?,git commit,"This text appears to be from a book or manual on Git version control. The section is discussing how to handle merge conflicts involving submodules.

The author explains that when merging a commit from an upstream repository, if there are any changes in the submodule directory, Git will suggest merging those commits as well. This can happen when the upstream repository has merged changes from another branch or commit.

To resolve this conflict, the author suggests creating a new branch in the submodule directory and manually merging the conflicting commits. They provide an example of how to do this:

1. Create a new branch (`try-merge`) pointing to the desired SHA-1 (commit) from the upstream repository.
2. Merge the `try-merge` branch into the main project's master branch, resolving any conflicts that arise.

The author also notes that if there is already a merge commit in the submodule directory that contains both commits in its history, Git will suggest using this existing merge commit as a solution. This can be done by running `git update-index --cacheinfo 160000 <SHA-1> ""DbConnector""` to accept the suggested merge.

However, the author warns against using this automatic suggestion and instead recommends manually verifying that the submodule directory is correct before committing. This involves fast-forwarding to the suggested commit in the submodule directory and testing it properly before committing.

The text concludes by explaining how to accomplish this manual verification:

1. Go into the submodule directory.
2. Run `git merge <SHA-1>` to fast-forward to the desired commit.
3. Verify that the changes are correct.
4. Run `git add` and then `git commit -am 'Fast forward to a common submodule child'` to commit the result.

Overall, this section of the book provides guidance on how to handle merge conflicts involving submodules in Git."
What is the purpose of the .gitignore file?,To specify files and directories that should be ignored by Git,"I've analyzed the text in the ""Text"" section. Here's my summary:

The text appears to be from a book on using Git, a version control system. The section discusses how to customize Git behavior through configuration settings.

Specifically, it covers:

1. Changing the default editor used by Git for commit and tag messages.
2. Creating a custom commit template to remind users of proper format and style when creating commit messages.
3. Configuring Git to use a specific pager (e.g., less) or turning off paging altogether.
4. Setting up GPG signing key for annotated tags.
5. Ignoring files globally using the `core.excludesfile` setting.

The text also mentions some common mistakes people make with Git commands and how to set up autocorrect to help prevent errors.

Overall, this section provides practical tips and tricks for customizing Git behavior to suit individual preferences and workflows."
What command shows the commit history?,git log,"According to the text, the command that shows the commit history is:

$ gitk [git log options]

This command can be used with various options, such as --all, which tells gitk to show commits reachable from any ref, not just HEAD."
What is a branch in Git?,A separate line of development,"According to the text, a branch in Git is ""a new pointer for you to move around"". When you create a new branch (e.g. `git branch testing`), it creates a new pointer to the same commit you're currently on. This pointer is called HEAD, which keeps track of the local branch you're currently on."
What command creates a new branch?,git branch <branch-name>,"According to the text in the ""Text"" section, the command that creates a new branch is:

`$ git branch testing`

This creates a new pointer to the same commit you're currently on."
What command switches to a different branch?,git checkout <branch-name>,"I've analyzed the text in the ""Text"" section, which is part of a book chapter on getting started with Git. Here's what I found:

**Section:** Creating a New Branch
**Chapter:** 1. Getting Started

The text explains that when you create a new branch using `git branch`, it creates a new pointer for you to move around. In this case, the author wants to create a new branch called ""testing"". The command `git branch testing` creates a new pointer to the same commit you're currently on.

**Key points:**

1. Git keeps a special pointer called HEAD that indicates which local branch you're currently on.
2. Creating a new branch with `git branch` only creates a new pointer, it doesn't switch to that branch.
3. You can use the `--decorate` option with `git log` to see where the branch pointers are pointing.

**Code examples:**

1. `$ git branch testing`: Creates a new branch called ""testing"".
2. `$ git log --oneline --decorate`: Shows the commit history with branch pointers decorated (i.e., labeled) with their corresponding branch names.

Overall, this section provides an introduction to creating and working with branches in Git, which is a fundamental concept for developers using the version control system."
What command merges a branch into the current branch?,git merge <branch-name>,"According to the text, the command to merge a branch into the current branch is:

`git merge <branch>`

This command merges one or more branches into the branch you have checked out and advances the current branch to the result of the merge."
What is a remote repository?,A version of the repository hosted on the internet or another network,"According to the book, a remote repository is a repository that exists on a server or website (like GitHub) and can be accessed using HTTP(S) or SSH. It's a way for your local Git repository to connect with an existing project online.

In the text, it mentions: ""Each project is accessible over HTTPS or SSH, either of which can be used to configure a Git remote."""
What command is used to clone a remote repository?,git clone <repository-url>,"According to the text, the command used to clone a remote repository is:

`$ git clone https://server/namespace/project.git`

This command creates a new local copy of the project and connects it with the remote GitLab repository."
What command fetches changes from a remote repository?,git fetch,"According to the book, the command that fetches changes from a remote repository is:

$ git fetch <remote>

This command goes out to the remote project and pulls down all the data from that remote project that you don’t have yet. For example, if you clone a repository, the command automatically adds that remote repository under the name “origin”. So, `git fetch origin` fetches any new work that has been pushed to that server since you cloned (or last fetched from) it."
What command pulls changes from a remote repository and merges them?,git pull,"I've analyzed the text in the ""Text"" section!

The text appears to be from a Git tutorial or guide, specifically covering topics related to remote branches, fetching, and pulling data from repositories.

Here are some key points I've extracted:

1. **Adding a remote repository**: The author explains how to add a remote repository as a reference using `git remote add <name> <url>`. This allows you to fetch and merge changes from the remote repository.
2. **Fetching and merging**: The text discusses the importance of fetching data from a remote repository using `git fetch <remote>` and then manually merging it with your local work when needed.
3. **Pulling and tracking branches**: The author introduces the concept of tracking a remote branch, which allows you to automatically merge changes from the remote repository into your current branch using `git pull`. They also mention that `git clone` sets up the local master branch to track the remote master branch by default.
4. **Configuring pull behavior**: The text highlights the importance of configuring the `pull.rebase` variable in Git version 2.27 and later. You can set this variable to `false` for fast-forward merging or `true` for rebase merging.

Overall, these sections provide valuable information on how to work with remote repositories, fetch data, and merge changes in a Git workflow."
What command pushes local changes to a remote repository?,git push,"Based on the provided text, the command that pushes local changes to a remote repository is:

`git push`

This command communicates with another repository, calculates what your local database has that the remote one does not, and then pushes the difference into the other repository. It requires write access to the other repository and is authenticated somehow."
What is a commit hash?,A unique identifier for a specific commit,"This text is a section from the book ""Pro Git"" by Scott Chacon and Ben Straub. The section appears to be discussing how Git stores data objects in its database.

The main points of this section are:

1. Git has initialized the objects directory and created pack and info subdirectories, but there are no regular files.
2. The `git hash-object` command is used to create a new data object and manually store it in the Git database.
3. The `-w` option tells the command to write the object to the database, rather than just returning the SHA-1 key.
4. The `--stdin` option allows the command to get the content from standard input (in this case, an echo statement).
5. The output of the command is a 40-character SHA-1 hash, which is used as the filename for the object in the database.
6. The object is stored as a single file per piece of content, with the filename being the SHA-1 checksum of the content and its header.
7. The `git cat-file` command is used to examine the contents of an object in the database.
8. Passing the `-p` option to `git cat-file` allows the command to display the contents of the object as plain text.
9. Objects can be stored as blobs (binary large objects), which are used to store file contents.

The section also provides examples of using these commands to create and manage data objects in the Git database, including creating a new file, storing its contents in the database, and retrieving the contents later."
What does the command 'git reset' do?,It resets the current HEAD to a specified state,"According to the text, the command ""git reset"" does the following:

1. It moves the branch that HEAD points to (stops at this point if using --soft).
2. It updates the index with the contents of whatever snapshot HEAD now points to (stops at this point if using --mixed or no option).
3. It makes the working directory look like the index (only happens if using --hard).

In summary, ""git reset"" undoes the last commit by moving the branch pointer, updating the index, and potentially overwriting changes in the working directory, depending on the options used."
What is the difference between 'git reset' and 'git revert'?,'git reset' changes the commit history,"According to the text, the main difference between 'git reset' and 'git revert' is:

* 'git reset' moves the branch that HEAD points to, whereas 'git revert' creates a new commit that reverses the changes made in the previous commit.

In other words, 'git reset' undoes the last commit and moves the branch back to the previous state, while 'git revert' creates a new commit that effectively ""reverses"" the changes made in the previous commit."
What is a merge conflict?,A situation where changes from different branches cannot be automatically merged,"This is a section of a book that discusses how to handle merge conflicts when working with Git submodules. The text describes two scenarios:

1. When the submodule's commit history is not updated after a merge, and the user needs to manually merge the changes.

The example shows how to create a branch in the submodule directory pointing to the desired commit (c771610), merge it, resolve any conflicts, and then update the main project with the result.

2. When Git suggests a possible merge resolution for the submodule, which is a previous merge commit that contains both commits in its history.

In this scenario, the user has two options: they can either accept the suggested merge resolution by updating the index, or they can manually fast-forward to the desired commit (9fd905e) and verify that it works before committing. The example shows how to do the latter.

Overall, the text provides guidance on how to resolve merge conflicts when working with Git submodules, including manual merging and accepting suggested merge resolutions."
What command is used to resolve a merge conflict?,Manually edit the conflicting files and then commit the changes,"This chapter from a book provides an overview of how to set up custom merge resolution and diff tools for Git using shell scripts.

The main steps are:

1. Create a wrapper script named `extMerge` that calls the P4Merge tool with the necessary arguments.
2. Create another wrapper script named `extDiff` that passes only the old-file and new-file arguments to the P4Merge tool.
3. Make both scripts executable using the `chmod` command.
4. Set up Git to use these custom tools by configuring the `merge.tool`, `mergetool.extMerge.cmd`, `mergetool.extMerge.trustExitCode`, and `diff.external` settings.

The book also provides an example of how to change the diff and merge tools to use KDiff3 instead of P4Merge. This can be done by editing the `extMerge` script to point to the KDiff3 tool.

Additionally, the chapter mentions that Git comes preset with a number of other merge-resolution tools, including emerge, gvimdiff, opendiff, p4merge, and vimdiff, among others. The book provides a list of available tools using the `git mergetool --tool-help` command.

Finally, the chapter touches on the use of the `git show` command to display information about Git objects in a human-readable format."
What is the purpose of tags in Git?,To mark specific points in history as important,"Based on the provided text from the book, the purpose of tags in Git is to mark specific points in a repository's history as being important. This allows users to identify release points (e.g., v1.0, v2.0) and track changes throughout the project."
What command creates a new tag?,git tag <tag-name>,"According to the book, the command that creates a new tag is:

$ git tag -a v1.1 1a410efbd13591db07496601ebc7a059dd55cfe9 -m 'Test tag'

This command creates an annotated tag named ""v1.1"" that points to the commit with the SHA-1 value ""1a410efbd13591db07496601ebc7a059dd55cfe9""."
What is the difference between a lightweight tag and an annotated tag?,Lightweight tags are just pointers,"According to the text, a lightweight tag is simply a reference that never moves and points to a specific commit. It's like a branch reference.

Annotated tags, on the other hand, are more complex. They are stored as full objects in the Git database, contain additional information such as the tagger name, email, date, and tagging message, and can be signed and verified with GNU Privacy Guard (GPG).

In summary, the main difference between a lightweight tag and an annotated tag is that lightweight tags only point to a specific commit, whereas annotated tags are stored as full objects in the Git database and contain additional information."
What does 'git stash' do?,Temporarily saves changes that are not ready to be committed,"According to the text in the ""Getting Started"" chapter of a book, 'git stash' is a command that saves the dirty state of your working directory (modified tracked files and staged changes) and stores it on a stack of unfinished changes. This allows you to switch branches without committing half-done work."
What command applies stashed changes?,git stash apply,"According to the text, the command that applies stashed changes is:

`git stash apply`

If you want to apply one of the older stashes, you can specify it by naming it, like this: `git stash apply stash@{2}`. If you don't specify a stash, Git assumes the most recent stash and tries to apply it."
What is the purpose of the 'git cherry-pick' command?,To apply a specific commit from one branch to another,"According to the provided text, the purpose of the 'git cherry-pick' command is:

""To take the change introduced in a single Git commit and try to re-introduce it as a new commit on the branch you’re currently on.""

In other words, cherry-picking allows you to selectively apply a specific commit from another branch or repository to your current branch, rather than merging the entire branch."
What is the difference between 'git pull' and 'git fetch'?,'git pull' fetches and merges,"I've analyzed the text provided, which appears to be from a book on Git. Here's a summary of the content:

**Section 1: Refspecs and Fetching**

The text explains refspecs, which are used to map remote references with local references in a Git repository. A specific example is given, where `fetch = +refs/heads/*:refs/remotes/origin/*` tells Git to fetch all branches from the remote repository and store them locally under `refs/remotes/origin`. The text also introduces another refspec that allows fetching pull request heads.

**Section 2: Pull Requests**

The section discusses pull requests, which allow developers to propose changes to a project. It explains how to create a pull request targeting a specific branch or even another pull request. This feature enables testing and reviewing of code changes before they are merged into the main project.

**Chapter 1: Getting Started - Nearly Every Operation Is Local**

The chapter introduces the concept that most Git operations require only local files and resources, making them fast and efficient. It highlights how this aspect of Git differs from other version control systems (CVCSs), where network latency can be a significant overhead. The text explains how Git's local nature enables features like instant history browsing, offline commits, and local difference calculations.

Overall, the text provides an overview of refspecs, pull requests, and the benefits of using Git as a local, efficient version control system."
What is a fork in Git?,A copy of a repository that allows for independent development,"I've analyzed the provided text, which appears to be a section from a book about Git and GitHub. The topic is working with pull requests in Git.

The main points discussed are:

1. Pull requests can be accessed using references prefixed with `refs/pull/`.
2. These references point to the same commit as the last commit in the pull request branch.
3. You can fetch a specific pull request by running `git fetch origin refs/pull/<pr#>/head`, which downloads everything needed to construct the ref and puts a pointer to the desired commit under `.git/FETCH_HEAD`.
4. To keep all pull requests up to date, you can modify the `origin` remote's config file to include an additional refspec that maps remote pull request refs to local refs.
5. The modified refspec would look like this: `[remote ""origin""] url = https://github.com/libgit2/libgit2 fetch = +refs/heads/*:refs/remotes/origin/* +refs/pull/*/head:refs/remotes/origin/pr/*`
6. After modifying the config file and running `git fetch`, you can access all remote pull requests as read-only tracking branches.
7. You can then checkout a specific pull request branch by running `git checkout pr/<pr#>`.
8. There is also a `refs/pull/#/merge` ref on the GitHub side, which represents the commit that would result if you push the ""merge"" button on the site.

Overall, this section provides information on how to work with pull requests in Git, including fetching and keeping up-to-date with remote pull request branches."
What is the purpose of the 'git rebase' command?,To integrate changes from one branch into another by moving the entire branch,"According to the text, the purpose of the 'git rebase' command is to delete a commit by rewriting the commit history. Specifically, you can put ""drop"" before the commit you want to delete in the rebase script, which will cause all commits that follow it to be recreated, potentially causing merge conflicts if there are many later commits that depend on the deleted one."
What does 'git diff' do?,Shows the differences between changes in the working directory and the index,"This is a section of a book about Git, and it's discussing how to analyze text in the ""Text"" section of a merge. The author is using the `git log` command with various options to get more specific context about the commits involved in the merge.

The first example shows the output of `git log --oneline --left-right HEAD...MERGE_HEAD`, which provides a list of the six total commits involved in the merge, along with which line of development each commit was on. The author notes that this can be simplified further to give more specific context using the `--merge` option.

The next example shows how to use the `--merge` option with `git log` to get only the commits that touch a file currently in conflict. This is useful for quickly getting context about why something conflicts and how to resolve it.

The author then discusses how to use the `-p` option with `git log` to get just the diffs (patches) to the file that ended up in conflict. This can be helpful for reviewing what needs to be resolved.

Finally, the author explains how to use `git diff` while in a conflicted merge state to see what still needs to be resolved. The output is called ""Combined Diff"" and shows two columns of data: the first column shows differences between the ""ours"" branch (the current working directory) and the file in the ""theirs"" branch, and the second column shows differences between the ""theirs"" branch and the file in the ""ours"" branch.

The author also mentions how to use `git log --cc -p` to get a combined diff output for any merge commit."
What is the purpose of the 'git config' command?,To set configuration options for Git,"The purpose of the 'git config' command is to set or get configuration settings for your Git environment. In the provided text, it is used to configure the merge tool and diff tool to use an external program (P4Merge) instead of the default Git implementation. The command can be used to customize various aspects of Git's behavior, such as the merge resolution strategy, the command to run for diffs, and more."
What is a submodule in Git?,A repository embedded within another Git repository,"**Analysis of Text**

The provided text is from Chapter 1 of a book on ""Getting Started"" with Submodules in Git. The section focuses on adding an existing Git repository as a submodule to the main project.

Key points extracted from the text:

1. **Adding a new submodule**: Use `git submodule add` command with the absolute or relative URL of the project you want to track.
2. **Default behavior**: By default, submodules will be added to a directory named the same as the repository (e.g., ""DbConnector"").
3. **Config file**: The `.gitmodules` file is created and stores the mapping between the project's URL and the local subdirectory.
4. **Version-controlled**: The `.gitmodules` file is version-controlled with the rest of the project, allowing others to clone and access the submodule projects.
5. **URL considerations**: Use a URL that others can access when adding a submodule.
6. **Local overrides**: You can overwrite the URL locally using `git config submodule.DbConnector.url PRIVATE_URL`.
7. **Git status output**: Running `git status` shows new files (`.gitmodules` and ""DbConnector"") and changes to be committed.
8. **Git diff output**: Using `git diff --cached DbConnector` or `git diff --cached --submodule` provides interesting insights into the submodule's contents.

**Git Commands**

The text includes several Git commands:

1. `git submodule add`
2. `git status`
3. `git diff --cached DbConnector`
4. `git diff --cached --submodule`
5. `git commit -am 'Add DbConnector module'`
6. `git push origin master`

**Additional Information**

The text also mentions the use of Git aliases (`spush` and `supdate`) to simplify submodule-related commands.

Overall, this section provides a comprehensive introduction to adding an existing Git repository as a submodule in Git, including configuration files, version control, and URL considerations."
What command initializes a submodule?,git submodule init,"Analysis of text in the 'Text' section:

This book chapter focuses on getting started with submodules in Git. The author explains how to add an existing Git repository as a submodule of another project using the `git submodule add` command.

The example provided adds a library called ""DbConnector"" and demonstrates how to track its contents. The author highlights the importance of the `.gitmodules` file, which stores the mapping between the project's URL and the local subdirectory, and is version-controlled with the rest of the project.

The chapter also discusses the `git status` command and its output, including the new `.gitmodules` file and the project folder entry. The author shows how to use `git diff` to view the changes made by adding the submodule, including the special mode (160000) used for the DbConnector directory entry.

Finally, the chapter concludes with a brief discussion of pushing the changes using `git push origin master`.

Key takeaways:

1. Submodules allow you to track the contents of another Git repository within your own project.
2. The `.gitmodules` file stores the mapping between the project's URL and the local subdirectory.
3. You can use `git submodule add` to add an existing Git repository as a submodule.
4. The `git status` command shows the changes made by adding a submodule, including the new `.gitmodules` file and the project folder entry.
5. The `git diff` command can be used with the `--submodule` option to view the changes made by adding a submodule in a more detailed format.

Overall, this chapter provides a solid introduction to working with submodules in Git."
What command updates a submodule?,git submodule update,"What a delightful section of a book!

Here's my analysis of the text:

**Text Analysis**

The text appears to be from a chapter on ""Getting Started"" with Git Submodules in a book. The author is walking the reader through adding an existing Git repository as a submodule of their main project.

Key points covered:

1. Adding a new submodule using `git submodule add` command.
2. The default behavior is to create a directory named after the repository (e.g., ""DbConnector"").
3. The `.gitmodules` file is created, which stores the mapping between the project's URL and the local subdirectory.
4. This file is version-controlled with the rest of the project and pushed/pulled accordingly.
5. When committing changes, Git sees the submodule as a particular commit from that repository (not its contents).
6. To get a nicer diff output, use `git diff --cached --submodule`.
7. The special mode `160000` is used to record the commit as a directory entry.

**Code Snippets**

The text includes several code snippets:

1. `$ git submodule add https://github.com/chaconinc/DbConnector`
2. `$ git status`
3. `$ git diff --cached DbConnector`
4. `$ git diff --cached --submodule`
5. `$ git commit -am 'Add DbConnector module'`
6. `$ git push origin master`

**Git Aliases**

The text also mentions two custom Git aliases:

1. `spush`: `push --recurse-submodules=on-demand`
2. `supdate`: `submodule update --remote --merge`

These aliases can be used to simplify submodule-related tasks, such as pushing with dependency checking or updating submodules.

Overall, this section of the book provides a clear introduction to working with Git Submodules and covers essential concepts and commands for managing them effectively."
What is the purpose of the 'git log --oneline' command?,To display a simplified view of the commit history,"**Text Analysis**

The provided text is from a book, specifically Chapter 1: Getting Started, Section: Creating a New Branch. The section discusses what happens when you create a new branch in Git.

**Key Points**

* Creating a new branch in Git creates a new pointer for you to move around.
* The `git branch` command creates a new pointer to the same commit you're currently on, but it doesn't switch to that branch.
* Git keeps a special pointer called HEAD, which points to the local branch you're currently on. In this case, you're still on master.

**Git Log Options**

The text highlights various options for the `git log` command:

1. **--graph**: Displays an ASCII graph of the branch and merge history beside the log output.
2. **--decorate**: Shows the branch pointers next to each commit in the log output.
3. **--oneline**: Shorthand for `--pretty=oneline --abbrev-commit`, which shows commits in a concise format.

**Example Output**

The example output from the `git log` command with the `--decorate` option is shown:

```
f30ab (HEAD -> master, testing) Add feature #32 - ability to add new formats to the central interface
34ac2 Fix bug #1328 - stack overflow under certain conditions
98ca9 Initial commit
```

In this output, you can see the branch pointers for `master` and `testing` next to each commit."
What does 'git blame' do?,Shows who made changes to each line of a file,"According to the provided text, `git blame` command annotates the lines of any file with which commit was the last one to introduce a change to each line of the file and what person authored that commit."
What is the purpose of the 'git archive' command?,To create an archive of files from a specific commit,"The purpose of the 'git archive' command is to create an archive file of a specific snapshot of a project, which can be used to share the project with others or deploy it. This command allows you to create a tarball or zip archive of your project's code, including only certain files and directories if desired."
What is the difference between 'git checkout' and 'git switch'?,'git checkout' can switch branches and restore files,"According to the text, `git checkout` and `git switch` are not explicitly compared. However, it is mentioned that `checkout` manipulates the three trees (index, working directory, and HEAD) and tries to do a trivial merge in the working directory, whereas `reset --hard` simply replaces everything without checking.

It seems that `git switch` is introduced in Git 2.23 as an alternative to `git checkout`. However, since this text only talks about `git checkout`, we cannot directly compare the two commands based on this section of the book."
What is the purpose of the 'git reflog' command?,To show a log of where the HEAD has been,"What a delight! A chapter on Git's RefLog, straight from the book!

Let's dive in and analyze the text:

**Section: RefLog Shortnames**

The text starts by introducing the concept of the RefLog, which is a log of where your HEAD and branch references have been for the last few months. This log is stored in memory (RAM) and is specific to each user session.

**Text: One of the things Git does in the background while you’re working away is keep a “reflog” — a log of where your HEAD and branch references have been for the last few months.**

This sentence sets the stage by explaining that the RefLog is a feature that runs in the background, keeping track of changes to your repository's HEAD and branch references.

**You can see your reflog by using git reflog: $ git reflog**

The text then shows an example command to view the RefLog: `git reflog`. This command displays the history of commits, branch updates, and merges that have occurred in the repository.

**Reflog data:**

The text provides several examples of RefLog entries:

* `734713b HEAD@{0}: commit: Fix refs handling, add gc auto, update tests`
* `d921970 HEAD@{1}: merge phedders/rdocs: Merge made by the 'recursive' strategy.`
* ...and so on.

Each entry shows the commit hash, the type of operation (e.g., ""commit"" or ""merge""), and a brief message describing what happened. The `{0}`, `{1}`, etc. syntax refers to the position in the RefLog history, with `@{0}` being the most recent update.

**Using Reflog data:**

The text demonstrates how to use RefLog data to refer to older commits:

* `$ git show HEAD@{5}`: shows the fifth prior value of the HEAD of your repository.
* `$ git show master@{yesterday}`: shows where the tip of your master branch was yesterday.

These examples illustrate how the RefLog can be used to access historical information about a repository.

**Limitations:**

The text notes that the RefLog only stores data for a few months, so you can't use it to look for commits older than that. Additionally, the RefLog is specific to each user session and won't reflect changes made by others on the same machine.

**git log -g:**

The text shows how to format Reflog information like `git log` output using the `-g` option:

* `$ git log -g master`

This command displays a list of commits, including their commit hashes, authors, and dates. The Reflog information is displayed in the same format as `git log`, making it easy to compare and analyze.

**Conclusion:**

The text concludes by emphasizing that the RefLog is strictly local, meaning its contents are specific to each user session and won't reflect changes made by others on the same machine. This analogy with shell history is helpful for those familiar with UNIX or Linux backgrounds."
What does 'git clean' do?,Removes untracked files from the working directory,"I've started tracking this file! Here's my analysis of the text in the 'Text' section:

**Chapter:** 1. Getting Started
**Section:** Stashing Your Work
**Text:** This section explains how to use Git stash feature, which allows you to temporarily set aside changes and work on something else.

The text provides a step-by-step guide on how to demonstrate stashing by working on some files, staging one of the changes, and then switching branches without committing the changes. The author also shows how to list, apply, and drop stashes from the stack.

Some key points highlighted in this section include:

1. `git status` command is used to see the dirty state of the repository.
2. `git stash` or `git stash push` commands are used to save a new stash onto the stack.
3. `git stash list` command is used to view the stashes that have been saved.
4. `git stash apply` command is used to reapply a stash, and you can specify which stash to apply by naming it (e.g., `git stash apply stash@{2}`).
5. `git stash drop` command is used to remove a stash from the stack, and you can also use `git stash pop` to apply and immediately drop a stash.

I'll continue tracking this file as we go through the rest of the chapters!"
What is the purpose of the 'git remote' command?,To manage remote repositories,"What is the purpose of the 'git remote' command?

According to the text in the ""Local Protocol"" section, the purpose of `git remote` is to add a local repository as a remote to an existing project. The command is used to specify the path to the local repository, for example: `$ git remote add local_proj /srv/git/project.git`. This allows you to push to and pull from the local repository as though it were a remote repository over a network."
What command shows the list of remote repositories?,git remote -v,"You've entered a new commit with changes in the ""Text"" section. Let's analyze the changes:

**Commit Message:** (Please enter a commit message)

**Files Changed:**

1. **[Text]**: The text in this file has been updated with new content.

To proceed, you can either:

* Enter a commit message and click the ""Commit"" button (Ctrl+Enter or ⌘+Enter) to save your changes.
* Select other files that have changed and include them in this commit.
* Choose not to commit any changes at this time."
What is the purpose of the 'git fetch --prune' command?,To remove references to remote branches that no longer exist,"I've analyzed the text in the ""Text"" section of the book. Here's a summary:

The chapter is about getting started with Git, but it also touches on using Git as part of a larger ecosystem and how other applications work alongside it.

The author notes that while the terminal is Git's native environment, there are situations where a visual representation or point-and-click interface might be more suitable. They highlight that different interfaces are tailored for different workflows and that some clients expose only a subset of Git functionality to support a specific way of working.

The author emphasizes that none of these graphical clients can do anything that the command-line client can't, but rather they're designed for specific purposes. The command-line is still where you'll have the most power and control when working with your repositories.

Overall, this section seems to be an introduction to using Git in different environments and how it fits into a larger workflow."
What is a pull request?,A request to merge changes from one branch into another,"The provided text is from a book about Git and its usage. The original author made a change that would create a conflict in the Pull Request.

The main section of interest here is the part where the author describes how to merge changes from another branch (in this case, `upstream/master`) into your local topic branch (`slow-blink`). This is done using the following steps:

1. Add the original repository as a remote named `upstream`.
2. Fetch the newest work from that remote.
3. Merge the main branch of that repository (`upstream/master`) into your topic branch (`slow-blink`).
4. Fix any conflicts that occurred during the merge.
5. Push the updated topic branch back up to GitHub.

The conflict occurs in step 3, where `git merge upstream/master` fails due to a content conflict in the file `blink.ino`. The author then resolves this conflict using `vim blink.ino`, adds the changes with `git add blink.ino`, and commits the result with `git commit`.

This change would create a conflict in the Pull Request because it introduces new code that needs to be reviewed."
What is the purpose of the 'git bisect' command?,To find the commit that introduced a bug by binary search,"According to the provided book, the purpose of the 'git bisect' command is not explicitly mentioned. The section on 'git bisect' only mentions that it's an incredibly helpful debugging tool used to find which specific commit was the first one to introduce a bug or problem by doing an automatic binary search."
What does 'git tag -d <tag-name>' do?,Deletes a tag,"According to the book, 'git tag -d <tag-name>' is used to delete a local tag. 

For example, if you want to remove your lightweight tag above, you can use: $ git tag -d v1.4-lw
This will delete the tag locally, but not on any remote servers."
What is the purpose of the 'git show' command?,To display information about a specific commit or object,"According to the text in Chapter 1, Section: ""gitk and git-gui"", one of the visual tools provided with Git is `git show`. However, it's not explicitly stated what the purpose of the `git show` command is.

However, based on the context and other commands mentioned in the book, it can be inferred that the `git show` command is likely used to display information about a specific commit or changes. This is because `gitk` is described as a graphical history viewer, and `git-gui` is primarily a tool for crafting commits.

In this case, the purpose of the `git show` command would be to provide a visual representation of the commit or changes, allowing users to easily view and understand the information."
What is the difference between 'git merge' and 'git rebase'?,'git merge' creates a new commit for the merge,"According to the book, the main difference between 'git merge' and 'git rebase' is:

* 'git merge' takes the endpoints of two branches (the current branch and the target branch) and merges them together, creating a new snapshot and commit.
* 'git rebase', on the other hand, replays changes from one line of work onto another in the order they were introduced. This means that it takes all the commits from one branch and applies them to another branch, effectively rewriting the history.

In other words, 'git merge' creates a new merge commit, while 'git rebase' rewrites the commit history by applying each commit from one branch to another."
What is the purpose of the 'git commit --amend' command?,To modify the most recent commit,"According to the text, the purpose of the 'git commit --amend' command is to replace a previous commit with a new one. This can be useful for making minor improvements to a commit or correcting mistakes without cluttering the repository history."
What does 'git stash pop' do?,Applies stashed changes and removes them from the stash,"According to the book, 'git stash pop' applies the most recent stash and then immediately drops it from your stack."
What is the purpose of the 'git worktree' command?,To manage multiple working trees attached to the same repository,"The text appears to be a section of a book or documentation about Git, a version control system. The section seems to be discussing various Git commands and their options, as well as the output generated by these commands.

Here are some specific observations:

1. The first part of the text shows the output of the `git ls-remote` command with the `GIT_TRACE_PACKET` option enabled. This command is used to retrieve information about a remote repository.
2. The next section discusses the `GIT_TRACE_PERFORMANCE` option, which controls logging of performance data for Git commands. The example shows the output of the `git gc` (garbage collection) command with this option enabled.
3. The third part of the text appears to be discussing the `git pack-objects` and related commands, including `git prune-packed`, `git update-server-info`, and `git repack`. These commands are used for managing packed Git objects.
4. The final section shows the output of the `git status` command with the `GIT_TRACE_SETUP` option enabled. This command is used to display information about the current state of the repository.

Overall, this text appears to be a reference guide or tutorial on how to use various Git commands and options to manage version control systems."
What is the significance of the 'HEAD' in Git?,It points to the current commit in the working directory,"According to the book, the significance of the 'HEAD' in Git is that it is a pointer to the current branch reference. It points to the last commit made on that branch. In other words, HEAD represents the snapshot of your last commit on that branch. When you create a new branch using `git branch`, it creates a new pointer to the same commit you're currently on. The HEAD pointer keeps track of which local branch you are currently on."
