relevance,explanation
PARTLY_RELEVANT,"The generated answer provides some context about Git, specifically its usage related to 'git diff' commands, which is a feature of Git. However, it primarily focuses on details about pull requests and how to use 'git diff', rather than giving a comprehensive definition or overview of what Git itself is. Therefore, it is not fully relevant to the question asked."
RELEVANT,"The generated answer correctly identifies the command 'git init' as the command used to initialize a new Git repository and provides a brief explanation of its function, directly addressing the question."
NON_RELEVANT,"The generated answer does not address the question about the command used to check the status of the working directory. Instead, it provides information about stashing changes in Git, which is unrelated to checking the status of the directory."
RELEVANT,The generated answer directly addresses the question by correctly identifying the command that adds changes to the staging area as 'git add'. This is the precise information requested.
NON_RELEVANT,"The generated answer does not address the question about the command that commits changes to the repository. Instead, it elaborates on handling merge conflicts involving submodules in Git, which is unrelated to the command for committing changes."
NON_RELEVANT,"The generated answer does not address the purpose of the .gitignore file. Instead, it discusses various configurations and settings related to Git but fails to mention the specific function of .gitignore, which is to specify intentionally untracked files that Git should ignore."
RELEVANT,"The generated answer directly addresses the question by providing the command that shows the commit history, which is $ gitk with the mention of relevant options. This makes the answer relevant to the inquiry about the command for viewing commit history."
RELEVANT,"The generated answer provides a clear definition of what a branch in Git is and explains its function as a pointer to commits. It also includes examples, which further supports the explanation and directly addresses the question asked."
RELEVANT,"The generated answer directly addresses the question by providing the correct command to create a new branch in Git, along with a brief explanation of what the command does."
PARTLY_RELEVANT,"The generated answer discusses creating a new branch in Git but doesn't explicitly provide the command to switch to a branch. It mentions the use of `git branch` for creating a branch, whereas the question specifically asks for the command to switch to a different branch, which would typically be `git checkout <branch-name>` or `git switch <branch-name>`. Therefore, while it contains related information about branches, it does not fully address the question."
RELEVANT,"The generated answer directly addresses the question by providing the specific command 'git merge <branch>' and explains how it functions, which is exactly what the question is asking for."
RELEVANT,"The generated answer accurately defines a remote repository and explains its connection to local Git repositories, providing a clear context that aligns well with the question."
RELEVANT,"The generated answer directly responds to the question by providing the specific command used to clone a remote repository, along with a brief explanation of its function. This makes the answer clearly relevant to the question asked."
RELEVANT,"The generated answer directly addresses the question by providing the correct command 'git fetch <remote>' and explains its purpose and functionality in detail, clearly relating it to fetching changes from a remote repository."
RELEVANT,"The generated answer provides pertinent information related to the command that pulls changes from a remote repository and merges them, specifically mentioning 'git pull' as the command that automatically merges changes from a remote branch into the current branch. It also explains related concepts such as fetching and merging, which are essential to understanding the functionality of 'git pull'. Hence, it effectively addresses the question asked."
RELEVANT,"The generated answer correctly identifies the command 'git push' as the command used to push local changes to a remote repository. It also provides additional context about how the command works and its requirements, making it a relevant and informative response to the question."
PARTLY_RELEVANT,"The generated answer provides detailed information about how Git manages data objects and uses commands like `git hash-object`, but it does not explicitly define what a commit hash is. While it discusses hash generation in the context of Git objects, it lacks a direct explanation of commit hashes specifically."
RELEVANT,"The generated answer provides a clear and detailed explanation of the 'git reset' command, including its functions and the effects of different options. It directly addresses the question by summarizing what 'git reset' does, making it highly relevant."
RELEVANT,"The generated answer effectively explains the main differences between 'git reset' and 'git revert', clearly outlining how 'git reset' modifies the current branch while 'git revert' creates a new commit. This directly addresses the question about the differences between the two commands."
PARTLY_RELEVANT,"The generated answer discusses how to handle merge conflicts specifically in the context of Git submodules, which is a subset of the broader topic of merge conflicts. While it touches on the concept, it lacks a general definition of what a merge conflict is, making it only partially relevant to the question."
PARTLY_RELEVANT,"The generated answer discusses setting up custom merge resolution tools in Git, which is related to resolving merge conflicts. However, it does not explicitly state the specific command used to resolve merge conflicts, which is the direct focus of the question. It provides useful context and additional information but lacks the precise answer needed."
RELEVANT,"The generated answer directly addresses the question by explaining the purpose of tags in Git, which is to mark important points in a repository's history and to identify release points. This aligns well with the inquiry about the function of tags in Git."
RELEVANT,"The generated answer correctly identifies a specific command that creates a new tag in Git, along with details about the tag type and the associated commit SHA-1 value. This directly addresses the question asked."
RELEVANT,"The generated answer clearly distinguishes between lightweight tags and annotated tags by describing their key characteristics and differences. It provides specific details about the nature of each type of tag, thus directly answering the question posed."
RELEVANT,"'git stash' is correctly described as a command that saves the state of the working directory, allowing users to switch branches without committing incomplete work. The explanation directly addresses the question and provides accurate details about the functionality of 'git stash'."
RELEVANT,"The generated answer directly and accurately responds to the question by providing the command `git stash apply` for applying stashed changes, along with additional relevant information about applying older stashes. This makes it fully pertinent to the question asked."
RELEVANT,"The generated answer accurately describes the purpose of the 'git cherry-pick' command, explaining that it allows users to apply changes from a specific commit to their current branch. This directly answers the question and provides a clear understanding of the command's functionality."
NON_RELEVANT,"The generated answer does not address the question about the difference between 'git pull' and 'git fetch'. Instead, it summarizes unrelated topics such as refspecs, pull requests, and general Git operations, providing no information on the specific functionalities of 'git pull' or 'git fetch'."
NON_RELEVANT,"The generated answer does not address the question about what a fork is in Git. Instead, it focuses entirely on pull requests and their management, which is unrelated to the concept of forking a repository."
PARTLY_RELEVANT,"The generated answer provides some information about the 'git rebase' command but focuses primarily on deleting a commit rather than explaining the overall purpose of the command, which is to incorporate changes from one branch onto another and manage the commit history without creating a merge commit. While the deletion aspect is a part of what can be done with rebase, it does not entirely capture the full purpose of the command."
PARTLY_RELEVANT,"The generated answer includes a discussion of 'git diff' in the context of resolving merge conflicts but primarily focuses on 'git log' and its options, which are not directly related to what 'git diff' specifically does. Although it mentions how 'git diff' is used during a conflicted merge state, the overall answer is overly descriptive about 'git log' and does not provide a clear, concise overview of 'git diff'."
RELEVANT,"The generated answer directly addresses the purpose of the 'git config' command by explaining that it is used to set or get configuration settings for the Git environment. It also provides specific examples of how the command can be used to customize various aspects of Git's behavior, including the configuration of tools like the merge tool and diff tool, which adds to the relevance."
RELEVANT,"The generated answer provides a detailed and thorough explanation of what a submodule in Git is, including how to add a submodule, its default behavior, relevant configuration files, and associated commands. This directly addresses the question and offers useful insights for someone looking to understand submodules in Git."
RELEVANT,"The generated answer directly addresses the question by stating the command that initializes a submodule, which is `git submodule add`. It also provides context and additional information about submodules in Git, making it highly relevant to the question asked."
NON_RELEVANT,"The generated answer does not address the question about the command to update a submodule. Instead, it offers an unrelated statement that does not provide any relevant information regarding Git submodules or their commands."
PARTLY_RELEVANT,"The generated answer discusses the `git log` command and mentions the `--oneline` option, which directly relates to the question about the purpose of the 'git log --oneline' command. However, it doesn't clearly explain the specific purpose of this option, leading to a partially relevant response."
RELEVANT,"The generated answer accurately describes the function of the 'git blame' command, explaining that it annotates file lines with the last commit changes and the author of those changes, which directly addresses the question asked."
RELEVANT,"The generated answer accurately explains the purpose of the 'git archive' command, detailing its function to create an archive file of a specific project snapshot, which aligns directly with the question asked."
PARTLY_RELEVANT,"The generated answer provides some relevant information about `git checkout` and mentions `git switch` as a newer alternative, but it does not directly explain the differences between the two commands. The answer primarily focuses on `git checkout` without adequately addressing the comparison that the question asks for."
NON_RELEVANT,"The generated answer does not address the question about the purpose of the 'git reflog' command. Instead, it introduces the concept of RefLog without providing any relevant information about its purpose or functionality, making it completely unrelated to the question asked."
NON_RELEVANT,"The generated answer does not address the question about what 'git clean' does. Instead, it focuses on the 'git stash' feature, providing an explanation of how to use that feature, which is unrelated to the query. There is no relevant information or discussion about the 'git clean' command itself."
RELEVANT,"The generated answer directly addresses the question by explaining the purpose of the 'git remote' command, including an example of how to use it to add a local repository as a remote. This clearly aligns with the question's inquiry about the command's purpose."
NON_RELEVANT,"The generated answer does not address the question about the command that shows the list of remote repositories. Instead, it discusses committing changes in a different context related to version control without providing any relevant information."
NON_RELEVANT,"The generated answer does not address the question about the purpose of the 'git fetch --prune' command. Instead, it provides general information about using Git and its interfaces, which is unrelated to the specific command asked about."
PARTLY_RELEVANT,"The generated answer discusses the process of handling a pull request and mentions conflicts, which are relevant aspects of pull requests. However, it does not clearly define what a pull request is, which is the main focus of the question. Thus, while it provides some relevant information, it does not fully address the question asked."
RELEVANT,"The generated answer accurately describes the purpose of the 'git bisect' command, stating that it is a debugging tool used to identify the first commit that introduced a bug by performing a binary search. Although it mentions that the specific purpose was not detailed in the provided source, the explanation of its function is correct and relevant to the question."
RELEVANT,"The generated answer accurately describes the function of the 'git tag -d <tag-name>' command, stating that it is used to delete a local tag and providing an example for clarification. This directly addresses the question and provides useful context."
PARTLY_RELEVANT,"The generated answer discusses the 'git show' command and makes an inference about its purpose, suggesting it displays information about commits or changes. However, it does not provide a clear and definitive statement about what the command actually does, relying instead on context from other related tools. This results in a partially relevant response, as it touches on the topic but lacks clarity and precision."
RELEVANT,"The generated answer clearly and accurately explains the differences between 'git merge' and 'git rebase', addressing the question directly by outlining how each command functions and the implications for commit history. It provides a comprehensive comparison that is directly relevant to the query."
RELEVANT,"The generated answer accurately describes the purpose of the 'git commit --amend' command, which is to replace a previous commit. It also correctly identifies its utility in making minor improvements or correcting mistakes, directly addressing the asked question."
RELEVANT,"'git stash pop' is correctly described in the generated answer. It accurately explains that the command applies the most recent stash and removes it from the stack, which directly addresses the question about the function of the command."
NON_RELEVANT,"The generated answer does not address the question regarding the purpose of the 'git worktree' command. Instead, it discusses various other Git commands and options, which are unrelated to the specific inquiry about 'git worktree'."
RELEVANT,"The generated answer accurately describes the significance of the 'HEAD' in Git, explaining its function as a pointer to the current branch reference and its role in tracking the last commit on that branch. This directly addresses the question asked."
